nome,idade,departamento,salario,cidade
Sophia Souza,52,Vendas,7279,Aragão Alegre
Vitor Gabriel da Cunha,59,Financeiro,7622,Nunes das Pedras
Miguel da Rocha,30,Financeiro,5649,Oliveira de Barbosa
Srta. Cecília da Rocha,52,TI,5180,Nogueira do Amparo
Vinicius Peixoto,39,Vendas,5601,Melo da Prata
Luiz Henrique Martins,48,Marketing,8187,da Cunha do Oeste
Vitória Pinto,27,Financeiro,3226,da Rocha
Gabrielly Costa,38,RH,4130,da Luz de Silveira
Diego Gomes,44,Financeiro,8538,Silveira
Bruno Ferreira,53,TI,11345,Carvalho
Kamilly Ribeiro,52,Marketing,8871,Araújo do Sul
Maria Cecília Jesus,40,Financeiro,5655,Gomes
Alexia Cunha,60,Vendas,5836,Teixeira
Davi Luiz Ferreira,41,TI,8085,Caldeira
Sra. Caroline Freitas,55,RH,6830,da Rocha das Pedras
Theo da Mata,59,Vendas,10679,da Luz
Dra. Maitê Peixoto,45,RH,7797,da Cruz
Raul Rezende,55,RH,8735,Dias do Norte
Sr. Pedro Lucas Porto,47,TI,11158,da Rocha
Dra. Giovanna Gomes,51,Financeiro,2535,Fogaça
Cauã Gonçalves,60,Marketing,3372,da Mata
Miguel Costela,25,TI,2879,Gonçalves
Davi Luiz Fernandes,59,Financeiro,11649,da Conceição
Srta. Lavínia Novaes,44,Marketing,5130,Barros das Flores
Cauê Barbosa,25,Vendas,2666,Novaes
Sarah Rezende,60,RH,11792,Souza
Ana Lívia Ramos,40,TI,5223,Monteiro das Pedras
Sophie Nunes,30,Marketing,10676,Barros
Paulo Lima,60,Marketing,5577,Farias
Isabella da Rocha,29,Vendas,3158,Aragão
Leandro Fernandes,50,RH,3540,Viana Verde
Vitória Santos,60,RH,5650,Moreira
Rafaela Freitas,31,Vendas,10631,Nogueira do Norte
Cecília Souza,36,Marketing,3656,Cardoso
Ana Laura Silva,22,RH,11210,Barros de Viana
Srta. Milena Duarte,44,Vendas,2774,Costela
Sr. Luiz Miguel Pinto,37,Vendas,10806,da Luz de Souza
Sra. Camila Castro,26,Financeiro,7430,Alves
Giovanna Souza,53,Marketing,7658,Vieira Alegre
Vitor Hugo Freitas,34,Financeiro,6269,da Paz
Isabel Teixeira,21,RH,8155,Nogueira
Ana Júlia da Costa,57,Vendas,5993,Dias
Dr. Benício Pereira,33,Financeiro,4014,Sales
Cecília Rodrigues,32,TI,7449,Silva Verde
Dr. Gustavo Henrique da Rocha,43,TI,5751,Fogaça dos Dourados
Mariane Moraes,42,Vendas,4620,Melo de Moraes
Igor Gonçalves,42,Marketing,5113,Oliveira de Ramos
Heitor Araújo,23,Marketing,6618,Nascimento
Dra. Mariana da Paz,36,TI,11774,Barros
Sofia Souza,24,RH,11086,da Costa
Raul Carvalho,21,RH,2500,Rezende
Catarina Barbosa,24,RH,10031,Porto
Maitê Pinto,56,Marketing,8317,Lopes dos Dourados
Dr. Gustavo Henrique Moura,25,Financeiro,4623,Farias
Maria Cecília Cardoso,27,TI,6252,Nascimento
Yuri Rezende,37,Vendas,10674,Porto
Srta. Stephany Freitas,47,Financeiro,6037,da Conceição de da Cunha
Raul Viana,20,RH,3625,Freitas
Juan Fernandes,23,Financeiro,10740,Santos de Rocha
Breno Rezende,60,RH,5153,Jesus dos Dourados
Fernanda Cavalcanti,48,TI,7924,Silveira de Vieira
Ana Carolina da Conceição,59,Financeiro,3031,da Cruz
Dra. Nina Cunha,34,TI,3798,Vieira
Gabriel Peixoto,43,Financeiro,2938,Moura
Sr. Luiz Henrique Pinto,42,Vendas,2869,Costela
Lavínia Pires,52,Financeiro,4967,Costela
Maria Cecília Ribeiro,37,Financeiro,8995,Almeida de Caldeira
Dra. Yasmin Aragão,55,TI,4943,Martins
Kamilly Lima,49,Vendas,11040,da Mota
Dr. Davi Moura,58,RH,7305,Correia dos Dourados
Sofia Campos,49,Financeiro,3609,das Neves
Luna Lima,43,Vendas,8229,Santos
Enzo Gabriel Dias,60,Financeiro,11693,Caldeira
Pedro Miguel Porto,30,Vendas,4931,Campos das Flores
Ana Carolina Santos,33,Vendas,3114,Azevedo
Clara Pinto,21,Financeiro,8174,Gonçalves de Minas
Sr. Yago Melo,52,Vendas,11440,Caldeira
Francisco Jesus,59,RH,4331,Azevedo dos Dourados
Rodrigo Azevedo,32,RH,6784,Porto
Giovanna da Conceição,47,Marketing,6601,Peixoto
Antônio Fernandes,31,TI,10933,Cunha da Mata
Igor Porto,49,Financeiro,7246,da Mota de Viana
Dr. Pedro Carvalho,51,Vendas,10107,da Rocha de da Cruz
Henrique Ferreira,51,TI,11842,Campos dos Dourados
Dr. Vitor Hugo Moura,32,TI,9131,Barros
Arthur Araújo,54,RH,11894,Melo do Amparo
Renan da Cruz,59,Vendas,5113,Nogueira
Eduardo Monteiro,27,Vendas,8584,Vieira
Dr. Paulo Fernandes,35,Financeiro,5787,Castro
Benício Santos,35,Marketing,8250,Cardoso
Cauê Cardoso,55,Vendas,7760,Novaes
Sr. Alexandre Cardoso,23,Marketing,7842,Pinto
Cauê Azevedo,58,Marketing,11017,Gomes das Pedras
Diego da Cunha,32,Vendas,6734,Teixeira da Prata
Nathan da Rosa,59,Financeiro,4684,Pires de Lopes
Luigi Monteiro,38,Marketing,8361,Farias Verde
Pedro Lucas Azevedo,40,Marketing,4489,Rocha
Maria Clara Cardoso,30,RH,3218,da Conceição da Serra
Luiz Felipe Cardoso,32,Vendas,2899,Barros
Matheus Nascimento,54,Marketing,7416,Moura Verde
Danilo Pereira,45,TI,8221,da Costa de Ferreira
Ryan Cardoso,53,Vendas,4395,Porto
Rafael Costa,32,Financeiro,4825,da Paz do Norte
Enzo Gabriel Vieira,28,RH,7538,Araújo do Amparo
Dr. Bruno Lima,60,Vendas,11619,Fernandes
Eloah Fogaça,31,Financeiro,9864,Nascimento do Norte
Srta. Valentina da Cunha,41,RH,3311,Costa
João Miguel Barbosa,53,Vendas,5819,Sales da Mata
Levi da Mata,46,Marketing,11026,Viana
Luiza da Conceição,24,RH,4784,Ramos de Jesus
Davi Luiz Moraes,25,Vendas,8247,Carvalho
Pedro Souza,48,Vendas,9045,Nascimento das Pedras
Gabriel Fernandes,39,Vendas,10578,Barros
João Gabriel Ribeiro,41,TI,7565,Gomes
Mariane da Cunha,45,Marketing,9263,da Cruz
Natália Nunes,35,TI,7624,Porto de Minas
Nina Viana,33,RH,7509,da Conceição da Serra
Daniela Teixeira,57,Vendas,6591,Peixoto
Enzo Gabriel Novaes,39,Marketing,8407,Silveira
Kaique Campos,60,Vendas,5298,Aragão
Vinicius da Paz,33,Financeiro,4108,Almeida
Gabriela Viana,59,Marketing,3446,Aragão
Vinicius Cavalcanti,55,Financeiro,10037,Barros Verde
Isabella Nogueira,50,Marketing,6849,da Conceição do Galho
Bryan Fernandes,27,TI,3167,Santos
João Felipe Duarte,33,Marketing,4592,Campos
Sophia Nunes,32,Marketing,5021,Jesus
Augusto Costa,34,RH,10405,Nunes do Campo
Yasmin da Mota,26,Vendas,6755,Moreira de Moreira
Alícia Alves,59,RH,7786,Pereira das Flores
Isabella Nunes,20,TI,6584,Freitas
Sr. Francisco Vieira,21,Financeiro,9468,Moura do Norte
Eloah Azevedo,23,Vendas,3952,Farias Verde
Brenda Gonçalves,44,Vendas,5110,Vieira do Campo
Pedro Henrique Gonçalves,53,Marketing,7352,Monteiro
Marina Moura,25,Financeiro,3131,Melo
Daniela Ferreira,45,Vendas,7758,Correia
Luiz Miguel da Costa,40,TI,2842,Oliveira do Sul
Sr. Guilherme Mendes,32,TI,8053,da Rosa
Sra. Lívia Teixeira,53,Marketing,9636,Gonçalves
Pietro Silva,42,Marketing,6896,Lima
Enzo Teixeira,55,TI,5220,Farias
Yuri Cardoso,51,TI,3256,Martins
Gabrielly Rocha,25,Financeiro,3708,Nascimento
Henrique Lopes,26,RH,6238,Silva do Galho
Gabriel Nunes,51,RH,7569,Souza
Dra. Pietra Caldeira,52,TI,6094,Porto
Alice das Neves,26,Financeiro,11083,da Rosa
Maria Clara Duarte,20,Financeiro,10564,Aragão
Valentina Duarte,41,Financeiro,8371,da Rosa
Larissa Porto,44,Vendas,11754,da Paz
Yasmin Costa,38,Vendas,6784,Alves
Caroline Teixeira,20,Financeiro,7545,Aragão
Manuela Correia,22,TI,11772,Campos Verde
Sr. Gabriel Costa,20,Financeiro,3627,Barros do Norte
Manuela Jesus,45,TI,8113,Souza do Norte
Dra. Melissa Moura,51,RH,8095,Oliveira
Rafaela Silva,30,Financeiro,7972,Oliveira dos Dourados
Stella Lima,51,Financeiro,6712,Novaes
Ana Laura Mendes,22,RH,4980,Correia
Mariane Costa,44,RH,10202,Martins
Danilo da Cruz,43,Financeiro,8246,Almeida do Galho
João Guilherme Carvalho,23,Vendas,10669,Correia
Clarice da Paz,35,Vendas,8262,Martins de Minas
Alice Nogueira,54,RH,3349,Ribeiro
Lucas Gabriel Duarte,34,TI,5016,Souza
Caroline Martins,28,TI,7854,Rocha
Ana Vitória Viana,38,Marketing,6221,Novaes Paulista
Sr. Luiz Otávio da Cunha,48,Marketing,10710,Dias Alegre
Dr. Bryan Gonçalves,56,Vendas,6052,Vieira
Mariana Pereira,46,Vendas,6029,Nascimento Paulista
Calebe Pires,35,TI,5414,Moraes
João da Rocha,42,RH,9970,Oliveira Grande
Pedro Lucas Rodrigues,43,Vendas,9276,Dias
Isaac Freitas,41,Marketing,11972,Castro
Lorenzo Farias,20,Financeiro,9682,Carvalho
Evelyn Carvalho,52,TI,11477,Freitas
Calebe Caldeira,57,Financeiro,5299,Pinto
Laís Vieira,43,Marketing,8575,Costela
Gabrielly Gonçalves,28,Vendas,11306,Correia dos Dourados
Maitê Azevedo,42,RH,10297,Gonçalves
Sr. Enzo Gabriel Teixeira,38,Vendas,7018,Rodrigues
Eduardo Nogueira,29,TI,10423,Peixoto da Prata
Stella da Rosa,33,RH,5181,Jesus de Goiás
Breno da Mota,38,Vendas,3148,Araújo
Maria Cecília Campos,22,TI,10680,Viana das Flores
Daniel Campos,51,Marketing,4642,Campos
Raquel Martins,54,TI,7644,Rocha de Minas
Maria Luiza Freitas,57,Vendas,6358,da Conceição
Luiz Felipe Alves,44,Financeiro,4037,Rezende Verde
Laura Gonçalves,32,Marketing,4920,Fernandes de Costela
Pietra Sales,39,TI,4828,Rodrigues Grande
Amanda Viana,32,TI,8762,Oliveira dos Dourados
Alice Pereira,52,RH,10576,Silva de Fogaça
Vitor Hugo Viana,20,Marketing,5097,Nogueira Verde
Manuela Gomes,33,Vendas,7409,Ribeiro do Campo
Agatha da Paz,37,Marketing,6338,Barbosa
Otávio Cavalcanti,44,Vendas,3146,Azevedo de Moura
Carlos Eduardo Rocha,59,TI,7334,Cavalcanti de Cunha
Natália Ribeiro,60,RH,10996,das Neves
Dra. Emanuelly Duarte,46,Financeiro,7063,Porto
Samuel Mendes,48,Marketing,10751,Rezende
Igor Silva,25,Marketing,2639,Alves
Srta. Sarah Freitas,29,RH,6253,Araújo
Thomas da Conceição,24,RH,8388,Pinto
Maria Luiza Araújo,37,Financeiro,3174,Moraes
Melissa Gomes,21,TI,6458,da Luz
Dr. Davi Lucca Alves,48,TI,5134,Costa
Isabelly da Costa,34,Financeiro,9681,Freitas
Sr. Erick da Mota,40,Financeiro,9023,da Mota das Flores
Dr. Enrico Fogaça,60,Vendas,11956,Cardoso
Isis Ramos,27,Financeiro,4569,Moraes
Dr. Vitor Gabriel Rezende,36,Financeiro,9018,Caldeira
Maria Cecília Rocha,52,TI,3295,Sales de Dias
Lucas Gabriel da Mata,60,TI,8190,Cunha
Dr. Pedro da Cruz,52,TI,11664,da Cruz
Maria Alice Martins,29,Financeiro,8067,Cardoso
Dr. Lorenzo Campos,30,TI,6237,Almeida
João Pedro Aragão,20,TI,4410,Lima
Maria Luiza Ramos,26,RH,7099,Carvalho do Oeste
Nathan Caldeira,44,Vendas,7111,da Mota Grande
Dra. Stephany Farias,42,Financeiro,7283,Silva
Catarina Vieira,55,RH,11822,Rocha da Prata
Luigi Lima,34,Vendas,2678,Nascimento
Sra. Ana Luiza Dias,45,RH,11297,Dias
Juliana Oliveira,55,RH,3635,Oliveira de Minas
Eduarda Ribeiro,47,TI,6050,Vieira do Norte
Dra. Camila Mendes,37,TI,6683,Pires das Pedras
Pietra Aragão,47,Marketing,8669,da Cruz
Sr. João Pedro Castro,53,TI,7428,Monteiro de Souza
Isadora Silva,32,Financeiro,8825,Porto
Matheus da Costa,34,Financeiro,5259,Fernandes de da Mata
Isabella da Cruz,52,Vendas,6325,Fogaça
Lara Castro,37,TI,2777,da Mata dos Dourados
Emanuella Freitas,39,Vendas,10898,da Paz de Campos
Vitor Gabriel Mendes,31,TI,11073,das Neves Alegre
Carolina Silva,24,TI,10076,Cunha da Mata
Cauê Almeida,34,Vendas,3455,Viana de Rocha
Vitor Hugo Araújo,44,Vendas,11136,da Cunha de Ferreira
Kaique Araújo,31,RH,4107,Castro do Oeste
Nicolas Melo,33,Financeiro,9806,Silveira
Theo Moreira,35,RH,3912,Pereira do Galho
Srta. Bárbara Correia,52,Marketing,10145,Cardoso do Galho
Catarina Ferreira,48,TI,4837,da Rocha
Mariane Oliveira,37,Financeiro,3978,Jesus
Francisco Pires,25,RH,10635,Silva do Sul
Emanuella Sales,32,TI,5403,Martins
Davi Lucca Fernandes,31,Marketing,8522,Aragão do Sul
Rodrigo Lima,44,TI,4772,Duarte
Renan Silva,51,RH,3823,Fernandes da Prata
Pedro Martins,56,Financeiro,2924,da Mata
Dra. Júlia Azevedo,44,TI,4680,Cardoso de Costa
João Pedro Nunes,39,Financeiro,2884,Lima do Galho
Srta. Maria Peixoto,50,Marketing,8308,Jesus
Otávio Lopes,34,Vendas,11846,Aragão
Sr. Emanuel Nogueira,39,TI,9984,Martins
Maria Sophia Cardoso,54,Financeiro,4704,da Cruz dos Dourados
Maria Eduarda Almeida,59,Financeiro,5667,Oliveira de Almeida
Augusto da Paz,28,Financeiro,3221,Oliveira
Caroline Ramos,49,TI,4447,Nascimento
Kevin Lopes,27,Financeiro,8803,Rocha
Giovanna Costela,20,RH,10374,Farias do Sul
André Fogaça,41,Vendas,8626,Costela de Cavalcanti
Marcos Vinicius da Costa,52,TI,3720,Cardoso Paulista
Otávio Ferreira,42,Marketing,6199,Ferreira da Prata
Pietra Costela,21,Vendas,3192,Teixeira
Brenda Lima,41,TI,9842,da Cunha
Rodrigo Rezende,52,TI,3937,Barbosa do Amparo
Nathan das Neves,42,Financeiro,11704,Alves
Maria Luiza Lima,21,RH,9306,Campos
Fernando Ramos,36,TI,8890,Pereira
Sr. Heitor Moura,34,Financeiro,6128,Fogaça
Giovanna da Cunha,30,Vendas,11624,Nunes
Dr. Kaique Ferreira,46,TI,2522,Lima
Breno Rodrigues,35,Financeiro,9733,Teixeira do Galho
Thomas Campos,25,RH,8263,Pires
Kamilly Cardoso,44,Marketing,3857,Ribeiro Verde
Sr. Nathan Porto,56,TI,10826,da Luz das Flores
Dr. Leandro Aragão,26,Financeiro,5790,Pereira de Goiás
Lara Araújo,58,Financeiro,7936,Moraes de Peixoto
João Felipe Melo,28,Financeiro,6449,Ribeiro de Goiás
Alana Costela,51,Marketing,7620,da Conceição
Anthony Castro,31,Vendas,3852,Pires
João Teixeira,37,RH,8275,Castro de Silveira
Heloísa Cavalcanti,28,RH,5100,da Cruz da Mata
Enzo Gabriel Gomes,42,Marketing,4396,Teixeira de Goiás
Raul da Costa,26,TI,11211,Gomes
Enrico Rodrigues,26,TI,6346,da Luz de Minas
Helena Carvalho,60,Financeiro,4179,Cardoso
Clarice da Mata,31,TI,9124,Rodrigues de Melo
Lucas Gabriel Santos,32,TI,6022,da Rosa do Norte
Vitor Gabriel da Mata,45,Vendas,9499,Nascimento
Isabelly Azevedo,55,Marketing,10813,Carvalho da Mata
Marina Rezende,39,Financeiro,4051,Cardoso do Sul
Sr. Bruno da Mata,30,Marketing,8418,Lima
Raul Martins,46,TI,2956,da Luz
Luiz Felipe Nascimento,23,RH,4272,Costa
Dra. Mirella Costa,56,Financeiro,9582,Sales
Srta. Isis Farias,57,TI,3096,Ribeiro
Rebeca Correia,36,RH,7399,Barros do Norte
Sr. João Miguel Rodrigues,52,Marketing,10224,Cunha de Cardoso
Dra. Bruna Cavalcanti,47,Vendas,7667,da Mata da Praia
Elisa Melo,20,TI,4178,da Luz
Ana Beatriz Viana,36,TI,6517,Barbosa de Silva
Sra. Sarah Costela,32,Financeiro,9657,Monteiro
Caio das Neves,54,Marketing,2517,Cunha
Mariane Araújo,49,Marketing,7051,Aragão Paulista
Ana Lívia da Luz,24,Financeiro,8557,Viana da Prata
Guilherme Caldeira,32,Vendas,10791,Cunha Verde
Heitor Cavalcanti,46,Marketing,6036,Fernandes de Minas
Maria Eduarda da Mota,26,Financeiro,8901,Rodrigues
Vitor Gabriel Silva,43,RH,2514,Vieira
Bruna Gomes,40,TI,5213,da Paz da Praia
Daniel Alves,56,Financeiro,2613,Cavalcanti da Praia
Catarina Ribeiro,46,Vendas,9018,Porto de Goiás
Sra. Maria Vitória Carvalho,20,TI,10819,Teixeira
Stella Lopes,25,RH,7770,Barros
Maria Fernanda Ribeiro,23,TI,9455,Cunha
Arthur Barbosa,22,RH,8503,Pinto da Mata
Ana Julia Rezende,33,Financeiro,2968,Almeida
Luiz Gustavo das Neves,25,Marketing,3540,Lopes de Souza
Dr. Pedro Caldeira,59,TI,8784,Araújo do Norte
Dr. Breno da Cruz,24,TI,8537,da Rocha do Norte
Manuela Souza,54,Vendas,9135,das Neves de Cardoso
Leonardo Barbosa,29,Vendas,10750,Castro Paulista
Pedro Miguel Souza,35,Marketing,11683,Pires
Renan Jesus,45,RH,3572,Rezende
Daniel Vieira,46,TI,5998,Silva Verde
Guilherme Santos,49,RH,6170,Mendes
Luna da Mata,45,RH,10396,Monteiro
Guilherme da Paz,35,RH,3156,da Conceição das Pedras
Carolina Mendes,47,Financeiro,2683,Lima
Vitor Gabriel Azevedo,59,Marketing,10854,Correia
Joana Cardoso,38,Vendas,3847,Alves
Isaac Farias,58,Vendas,6221,Farias Alegre
Matheus Santos,25,RH,7154,Costela
Lorenzo da Mota,35,Marketing,7407,Costa das Flores
João Guilherme Almeida,43,RH,6819,Barros das Pedras
Dra. Vitória Sales,43,Marketing,3907,Rodrigues
Maria Luiza Silva,54,RH,6596,Peixoto
Clara da Cunha,25,TI,8359,Freitas de Souza
Dra. Eduarda Rocha,58,Marketing,3435,Moura
Isabel das Neves,34,Financeiro,5685,Carvalho
Marcelo Barbosa,41,TI,4567,Pinto
Nicolas Cunha,30,Financeiro,10886,Moura
Diego Farias,26,Marketing,4668,Monteiro
Pedro Lucas Nunes,59,RH,8732,Cardoso
Enrico Moreira,42,TI,5114,Nunes
Dra. Yasmin Vieira,39,Vendas,11117,Cardoso
Thiago Ferreira,21,RH,7404,Martins Verde
Sr. Davi Lucas Correia,58,Marketing,6822,da Cunha do Oeste
Laura das Neves,24,RH,6696,Alves
Isis Melo,50,Financeiro,4458,Carvalho das Flores
Clarice Monteiro,43,Financeiro,4096,da Rocha
Nina da Rocha,39,Financeiro,4094,Fogaça
Amanda Costela,35,Marketing,7074,Duarte de Gonçalves
Clara Fogaça,45,Marketing,5019,Martins de Silva
Caio da Rocha,45,Vendas,5817,Cunha Verde
Srta. Sofia Castro,47,RH,3319,Nogueira
Pietro Cardoso,20,Financeiro,11765,Mendes de Cavalcanti
Leandro Moura,41,Vendas,8318,Ramos
Dr. Pedro Miguel Vieira,41,Financeiro,6855,da Costa Alegre
Dra. Nina Sales,47,RH,7693,Rezende da Praia
Eduarda Cardoso,38,Financeiro,11287,Souza
Dra. Júlia da Mata,59,Financeiro,8524,Caldeira de Lima
Matheus Moreira,22,TI,3053,Nascimento
Sofia Cardoso,28,Vendas,11601,Cardoso
Kevin Gomes,51,Financeiro,5482,Cardoso de Silveira
Maria Eduarda Freitas,49,RH,11868,Novaes
João Oliveira,36,Vendas,9942,Ferreira da Mata
Sr. Caio Silva,54,Financeiro,8224,Barbosa
Isis da Costa,35,Financeiro,2835,Teixeira
Laís Barbosa,35,TI,8162,Nascimento de Oliveira
Dra. Giovanna Ramos,20,TI,7143,Teixeira
Isabelly Mendes,57,Financeiro,2922,Cardoso das Flores
Marcelo Dias,21,Marketing,11673,Melo de Freitas
Nicolas Duarte,36,TI,3353,Moraes de Costela
Letícia Almeida,20,TI,3471,das Neves de Dias
Mariana Gomes,39,Marketing,3525,Moraes
Bianca Vieira,27,RH,6993,Pinto das Pedras
Sr. Isaac Araújo,53,RH,7082,Rezende da Mata
Felipe Oliveira,30,Financeiro,9494,Oliveira das Pedras
Cauã Cardoso,28,RH,10834,Cardoso
Benjamin Jesus,27,Marketing,6540,Monteiro das Flores
Eloah Nunes,47,RH,7393,Novaes
Júlia da Luz,49,Marketing,10616,Souza
Fernando Pereira,35,Vendas,3729,da Rosa
Ian Carvalho,49,Financeiro,3288,Gonçalves da Mata
Srta. Emilly Porto,28,Financeiro,2857,Aragão do Norte
Vitor Aragão,34,Financeiro,3033,Ramos do Amparo
Diogo Monteiro,30,TI,4799,Castro
Manuela Costa,48,Marketing,5275,Melo
Ana Laura Nogueira,34,TI,10780,Barros
Beatriz Cunha,57,Vendas,5986,Barbosa
João Miguel Silva,41,Financeiro,4999,da Luz do Galho
Luiz Felipe Santos,31,Vendas,3878,Oliveira
Dr. Raul Rodrigues,20,Marketing,5097,Nogueira do Campo
Leonardo Lopes,21,Marketing,11614,Jesus de Silveira
Sra. Isabel Dias,57,Vendas,4111,Alves de Araújo
Alana Silveira,36,TI,7047,Dias da Serra
Helena Cardoso,31,Vendas,8956,Rezende Verde
Emilly Rodrigues,59,Marketing,10805,Rocha do Norte
Davi Luiz Nascimento,35,TI,7210,Almeida do Galho
Guilherme Sales,28,Marketing,4559,Fernandes de Minas
Camila Barbosa,45,Vendas,10702,Lopes da Serra
Sr. João Pereira,47,Financeiro,4225,da Rosa de Cardoso
Renan Almeida,48,Vendas,10733,da Conceição
Srta. Manuela Melo,59,Marketing,7202,Moraes de Gomes
Alana Gomes,46,RH,3207,Farias do Amparo
Ana Júlia Duarte,44,Vendas,3584,Pinto
Eloah Dias,41,Financeiro,5712,Nogueira das Flores
Luiz Otávio Campos,36,Marketing,10114,Silveira das Pedras
Enzo Gabriel da Cunha,53,RH,4641,Teixeira de das Neves
Yasmin Araújo,53,TI,10556,Lopes Alegre
Helena Rodrigues,42,RH,7937,Cardoso Paulista
Bryan Fogaça,39,RH,9536,Lima de Goiás
Lívia Santos,21,TI,4400,da Conceição de Freitas
Luiz Fernando Gonçalves,25,Marketing,10535,Gomes de Porto
Dr. Luiz Miguel da Cruz,43,RH,5758,Rodrigues
Sr. Enrico Pires,37,Vendas,4984,Jesus Paulista
Vicente Jesus,52,RH,9680,Aragão
Srta. Bruna Cardoso,23,TI,11563,Rodrigues da Praia
Beatriz Fogaça,52,Financeiro,5098,da Conceição Verde
Gustavo Henrique Rocha,28,RH,4276,Campos
Stella da Paz,35,TI,4517,Rocha
Melissa da Cunha,31,TI,11317,Cunha
Lucas da Cruz,57,Marketing,10852,Freitas Alegre
Davi Lucas Lima,27,RH,6918,da Rocha de Novaes
Eduarda Almeida,23,Financeiro,5189,Azevedo
Daniel da Rosa,29,RH,8889,Martins
Ana Lívia Correia,43,Financeiro,7304,Silva de Aragão
Ana Sophia Ferreira,27,Vendas,3129,Duarte
Raquel Viana,30,RH,3576,Teixeira das Flores
Marina Vieira,36,Financeiro,4166,Nunes do Galho
Isabelly Freitas,27,Financeiro,9914,Farias
Ana Vitória Cardoso,55,Financeiro,11549,Nogueira de Goiás
Brenda Gomes,25,Marketing,9568,Sales
Gabrielly Cardoso,27,RH,5346,Cunha do Norte
Maria Eduarda Silveira,49,RH,11530,da Conceição
Maria Vitória da Cruz,22,RH,9966,Araújo de Moreira
Sra. Ana Lívia Rezende,55,Marketing,9296,Campos
Cecília da Mota,42,TI,9573,da Conceição Grande
João Miguel Carvalho,35,Marketing,10986,Fernandes de Fernandes
Rafaela Moreira,43,Vendas,3266,Silva das Pedras
Sra. Helena Azevedo,58,RH,7757,Teixeira
Kaique Novaes,22,Financeiro,10925,Novaes de Costa
Ana Sophia Duarte,39,TI,8396,Rezende
Dra. Gabrielly Farias,29,RH,4171,Novaes de Goiás
Sr. Benício Ferreira,30,Marketing,5348,Cunha
Laís Pinto,26,Financeiro,8152,Fogaça Grande
Olivia Viana,59,Marketing,9684,Nunes
Paulo Moraes,25,RH,7855,Santos das Pedras
Milena da Cunha,44,Marketing,5399,Almeida do Norte
Letícia Gomes,26,TI,2645,Pires de Moraes
Eduardo Costa,22,Vendas,5702,Moreira de Monteiro
Sr. Miguel Cardoso,24,Vendas,11354,Ribeiro
Melissa Teixeira,53,Financeiro,2672,da Luz da Serra
Alexia Alves,56,Marketing,3435,das Neves
Srta. Juliana Duarte,42,TI,10246,Pereira
João Lucas Jesus,34,Financeiro,5492,da Mota Paulista
Gustavo Henrique Cunha,39,RH,4497,Dias de Rezende
Julia Caldeira,51,Financeiro,10098,Gonçalves de Araújo
Enzo Costela,30,RH,5359,Santos
Sr. Benjamin Araújo,33,Vendas,11729,Cavalcanti do Norte
Leonardo da Paz,37,Marketing,2515,Moreira
Lorenzo Cardoso,23,TI,10366,Araújo dos Dourados
Ana Clara Rodrigues,31,RH,4722,Viana
Raul Gomes,21,RH,10495,Silva de Nascimento
Marina Porto,45,Vendas,9986,Pires
Srta. Giovanna Ramos,44,Marketing,10242,Peixoto Alegre
Igor Lopes,23,Financeiro,8334,Cardoso
Eloah Fernandes,51,Financeiro,10654,Araújo
Kevin Campos,22,TI,6393,Campos do Amparo
Heloísa da Luz,21,RH,4749,Barbosa do Galho
Melissa Cardoso,51,Financeiro,11731,Vieira
Nicolas Campos,23,TI,8893,Novaes do Sul
Dr. Bryan Moreira,56,Vendas,9448,da Cruz
Sr. João Vitor Moreira,45,Marketing,3161,Costela
Leandro Almeida,50,Marketing,3636,Araújo
Mariane Cardoso,45,TI,11736,Vieira Paulista
Pietro Cardoso,41,Vendas,3332,Viana
Igor Fernandes,25,RH,5567,Correia
Miguel da Cruz,29,Marketing,7280,Carvalho do Sul
Isabelly Araújo,58,Financeiro,8476,Silva
Laís Carvalho,30,Marketing,6588,Lopes
Luiza Sales,27,TI,4809,Moura Grande
Alexandre Nascimento,27,Marketing,10335,Nascimento
Heitor Moreira,27,Financeiro,3086,Oliveira
Nicole Pereira,33,RH,4330,Monteiro
Alexia Cardoso,59,TI,3662,da Luz do Campo
Ana Almeida,54,Marketing,10568,Costa
Sophia Moraes,53,Financeiro,11077,Araújo
Dra. Emanuelly Cavalcanti,33,Financeiro,11346,Ramos Alegre
Sra. Sofia Ramos,23,TI,3470,Monteiro
Dr. Leandro da Paz,51,Marketing,10792,Gonçalves
Yasmin Vieira,31,RH,2561,Pinto de Mendes
Calebe das Neves,31,Financeiro,7072,Souza
Evelyn das Neves,58,Financeiro,5876,Ribeiro de Gomes
João Vitor Melo,26,RH,3519,Sales
Sra. Beatriz Almeida,56,Vendas,10357,da Luz do Norte
